,tanggal,judul,judul_clean
0,2021-12-01,"Genoa Vs AC Milan, Shevchenko Ingin Buat Mantan Klub Kesulitan",genoa vs ac mil shevchenko mantan klub sulit
1,2021-12-01,ODHA di Depok Masih Dapat Stigma Negatif,odha depok stigma negatif
2,2021-12-01,Pemprov Jakarta Bentuk Tim Khusus Awasi Alat Makan Bahan Melamin Tak Ber-SNI,pemprov jakarta bentuk tim khusus awas alat makan bahan melamin ber sni
3,2021-12-01,Penonton Lokal Piala AFF 2020 Acuhkan 5 Aturan Ini,tonton lokal piala aff acuh atur
4,2021-12-01,"Pada Akhir Pekan, Penumpang di Bandara Soekarno-Hatta Capai 90.000 Orang",pekan tumpang bandara soekarno hatta capai orang
5,2021-12-01,"PPKM Level 2, Regulasi PTM di Jakarta Barat Tidak Berubah",ppkm level regulasi ptm jakarta barat ubah
6,2021-12-01,"Link Live Streaming Bologna Vs Roma, Kick-off Pukul 00.30 WIB",link live streaming bologna vs roma kick off wib
7,2021-12-01,"Singgung Varian Corona Omicron, Menlu Ungkap 4 Agenda RI Wujudkan Visi 2045 ",singgung varian corona omicron menlu agenda ri wujud visi
8,2021-12-01,"Real Madrid Vs Athletic Bilbao, Singa Basque Wajib Waspadai Benzema",real madrid vs athletic bilbao singa basque wajib waspada benzema
9,2021-12-01,Pelatih Timnas China Akui Kesulitan lantaran Covid-19,latih timnas china sulit lantar covid
10,2021-12-01,"Mensos Ingatkan Guru Ajarkan Siswa Tak ""Bully"" Penyandang Disabilitas",mensos guru ajar siswa bully sandang disabilitas
11,2021-12-01,"Link Live Streaming Inter Milan Vs Spezia, Kick-off Pukul 00.30 WIB",link live streaming inter mil vs spezia kick off wib
12,2021-12-01,Ragam Istilah Teknis pada AC yang Perlu Diketahui,ragam istilah teknis ac
13,2021-12-01,"Massa Reuni 212 Bakal Kumpul di Patung Kuda, Ini Respons Wagub DKI",massa reuni kumpul patung kuda respons wagub dki
14,2021-12-01,MyPertamina Fair 2021 Siap Manjakan Pelanggan Setia Pertamina,mypertamina fair manja langgan setia pertamina
15,2021-12-01,"Dugaan Korupsi Dana KONI Padang, Pengurus Cabor Minta Kejari Usut Aliran Dana",duga korupsi dana koni padang urus cabor kejar usut alir dana
16,2021-12-01,"Daftar 5 ""Veteran"" di Skuad Timnas Indonesia untuk Piala AFF 2020",daftar veteran skuad timnas indonesia piala aff
17,2021-12-01,Ambisi Guangzhou FC Raih Kali Kesembilan Juara Liga Super China,ambisi guangzhou fc raih kali sembilan juara liga super china
18,2021-12-01,"Selidiki Tewasnya Anggota FBR Joglo, Polisi: Pemeriksaan Saksi Tanpa Bawa Nama Ormas",selidik tewas anggota fbr joglo polisi periksa saksi bawa nama ormas
19,2021-12-01,Gunung Merapi Keluarkan 2 Awan Panas Guguran Malam Ini,gunung rapi awan panas gugur malam
20,2021-12-01,"Jokowi Lantik Anggota Komnas Disabilitas, Mensos: Beban Saya Turun",jokowi lantik anggota komnas disabilitas mensos beban turun
21,2021-12-01,Warga Akan Patungan jika Pemkot Tak Segera Ganti Tutup Gorong-gorong di Margonda yang Hilang,warga patungan pemkot ganti tutup gorong gorong margonda hilang
22,2021-12-01,"Cilegon Berpotensi Tsunami 8 Meter, Wali Kota Minta Alarm Tanda Bahaya Dicek",cilegon potensi tsunami meter wali kota alarm tanda bahaya cek
23,2021-12-01,Kunto Aji Sebut Lagu Terlalu Lama Sendiri Selamatkan Kariernya,kunto aji lagu selamat karier
24,2021-12-01,6 Langkah Ini Jadi Kewajiban Tim di Piala AFF 2020,langkah wajib tim piala aff
25,2021-12-01,"Disenggol Mobil di Flyover Pekanbaru, Pemotor Tewas Terjatuh dari Ketinggian 5 Meter",senggol mobil flyover pekanbaru motor tewas jatuh meter
26,2021-12-01,Alex Pina Ungkap Pandangannya untuk Money Heist yang Tamat di Season 5 Volume 2,alex pina pandang money heist tamat season volume
27,2021-12-01,"Catat, 4 Benda Ini Tidak Boleh Dibuang Sembarangan",catat benda buang sembarang
28,2021-12-01,"Harga Minyak Goreng di Jakut Tembus Rp 22.000 per Liter, Pedagang: Naik Terus Tiap Minggu",harga minyak goreng jakut tembus rp liter dagang minggu
29,2021-12-01,"UPDATE: Tambah 70 Kasus di Jakarta, 462 Pasien Covid-19 Masih Dirawat",update jakarta pasien covid rawat
30,2021-12-01,"MIN 1, MTsN 1 dan MAN 2 Banyumas Persiapkan Diri Menuju Madrasah Berasrama",min mtsn man banyumas tuju madrasah asrama
31,2021-12-01,"Pernah Alami Penyumbatan Empedu, Kunto Aji Rasakan Sakit sampai Kurus",alami sumbat empedu kunto aji sakit kurus
32,2021-12-01,"Money Heist Season 5 Volume 2 Siap Tayang, Apa Perbedaannya dengan Volume 1?",money heist season volume tayang beda volume
33,2021-12-01,Pengusaha Properti dan DPRD Gresik Bantu Warga Terdampak Banjir Kali Lamong,usaha properti dprd gresik bantu warga dampak banjir kali lamong
34,2021-12-01,"BWF World Tour Finals, Alasan Kevin Tampil Beda Pakai ""Headband""",bwf world tour finals alas kevin tampil beda pakai headband
35,2021-12-01,Taat Prokes di Fasyankes dan Kolaborasi Multipihak Jadi Kunci Pencegahan Stunting,taat prokes fasyankes kolaborasi multipihak kunci cegah stunting
36,2021-12-01,Polisi Sebut Terduga Teroris di Luwu Timur Pernah Berlatih Pakai Senpi M16,polisi duga teroris luwu timur latih pakai senpi m
37,2021-12-01,Raditya Dika Telah Siapkan Dana Pernikahan Anaknya yang Masih Berusia 2 Tahun,raditya dika dana nikah anak usia
38,2021-12-01,Respons Sahroni Diminta Mundur sebagai Ketua Pelaksana Formula E Jakarta,respons sahroni mundur ketua laksana formula e jakarta
39,2021-12-01,"Buruh Protes UMP 2022, Menteri Bahlil: Yang Penting Dapat Gaji",buruh protes ump menteri bahlil gaji
40,2021-12-01,"Usai Dirundung Pandemi Covid-19, Liga Super China Kembali Bangkit",rundung pandemi covid liga super china bangkit
41,2021-12-01,"Hasil Olah TKP Kasus Pelecehan Seksual Mahasiswi Unsri, Dosen Paksa Korban Pegang Kemaluannya",hasil olah tkp leceh seksual mahasiswi unsri dosen paksa korban pegang malu
42,2021-12-01,"Minta Parlemen Didik Taliban agar Tidak Terlihat sebagai Teroris, Politisi Malaysia Tuai Hujatan",parlemen didik talib lihat teroris politis malaysia tuai hujat
43,2021-12-01,Alasan Grealish Tidak Mau Main di Manchester United,alas grealish main manchester united
44,2021-12-01,"Kata Luhut, Turis di Bali Paling Irit Dibanding Thailand dan Malaysia",luhut turis bal irit banding thailand malaysia
45,2021-12-01,"Hamil Jalani Pemeriksaan Polisi, Lesti Kejora: Enggak Kepikiran ",hamil jalan periksa polisi lesti kejora pikir
46,2021-12-01,10 Tips Mendekorasi Ruangan agar Lebih Nyaman dan Tertata,tips dekorasi ruang nyaman tata
47,2021-12-01,"Cerita Kunto Aji Lalui Cobaan Berat, Tiba-tiba Sakit Ketika Ingin Wujudkan Mimpinya",cerita kunto aji coba berat sakit wujud mimpi
48,2021-12-01,"Besi Penutup Gorong-gorong di Margonda Dicuri, 2 Minggu Belum Diperbaiki",besi tutup gorong gorong margonda curi minggu
49,2021-12-01,8 Manfaat Perdagangan Internasional,manfaat dagang internasional
50,2021-12-01,Mengungkap Desain Jembatan Kretek 2 di Lokasi Rawan Gempa dan Likuifaksi,desain jembatan kretek lokasi rawan gempa likuifaksi
51,2021-12-01,"2,5 Juta Warga Jakarta Belum Divaksin Covid-19 Dosis Kedua",juta warga jakarta vaksin covid dosis
52,2021-12-01,"Kecewa dengan Putusan Ganjar soal UMK, Buruh di Jateng Berencana Menggugat",kecewa putus ganjar umk buruh jateng rencana gugat
53,2021-12-01,BEM UI Pecat Seorang Pengurusnya Terkait Kekerasan Seksual,bem ui pecat orang urus kait keras seksual
54,2021-12-01,"Kunjungi Kapolri, Jenderal Dudung: Sowan sebagai Pejabat Baru KSAD ",kunjung kapolri jenderal dudung sowan jabat ksad
55,2021-12-01,"Hasil BWF World Tour Finals 2021: Marcus/Kevin Revans, Praveen/Melati Tumbang",hasil bwf world tour finals marcus kevin revans praveen melati tumbang
56,2021-12-01,"Presiden PSG Buka Suara, Mbappe Batal Hijrah ke Real Madrid?",presiden psg buka suara mbappe batal hijrah real madrid
57,2021-12-01,"Setelah Tidak Lagi Syuting, Putri Patricia Sempat Kerja Kantoran",syuting putri patricia kerja kantor
58,2021-12-01,Australia Tunda Buka Perbatasan akibat Varian Omicron,australia tunda buka batas akibat varian omicron
59,2021-12-01,"Hari AIDS Sedunia, Kenali Gejala HIV sejak Minggu Pertama Terinfeksi",aids dunia kenal gejala hiv minggu infeksi
60,2021-12-01,Cara Rian D'MASIV Tetap Aktif Bermusik dan Berbisnis di Masa Pandemi ,rian d masiv aktif musik bisnis pandemi
61,2021-12-01,"Raih Penghargaan FFI 2021, Film Nussa Bakal Tayang di Bioskop Online",raih harga ffi film nussa tayang bioskop online
62,2021-12-01,"Pembukaan Presidensi G20, Jokowi: Saya Undang Para Delegasi Datang ke Indonesia",buka presidensi g jokowi undang delegasi indonesia
63,2021-12-01,"Laba Konsolidasi BUMN Capai Rp 61 Triliun, Industri Keuangan Penyumbang Terbesar",laba konsolidasi bumn capai rp triliun industri uang sumbang
64,2021-12-01,"22 Korban Penipuan Marinir Gadungan Berpangkat Mayjen Lapor ke Polisi, Kerugian Capai Rp 500 Juta ",korban tipu marinir gadungan pangkat mayjen lapor polisi rugi capai rp juta
65,2021-12-01,6 Gejala Asam Urat yang Perlu Diwaspadai,gejala asam urat waspada
66,2021-12-01,Kemenkes Sebut Varian Omicron Sudah Terdeteksi di 23 Negara,kemenkes varian omicron deteksi negara
67,2021-12-01,"5 Restoran Fine Dining di Bali, Cocok untuk Liburan Romantis di Bali",restoran fine ning bal cocok libur romantis bal
68,2021-12-01,BWF World Tour Finals: Marcus/Kevin Senang Revans atas Juara Olimpiade,bwf world tour finals marcus kevin senang revans juara olimpiade
69,2021-12-01,Sampah Antariksa Berkecepatan Tinggi Bikin Astronot Gagal Spacewalk,sampah antariksa cepat bikin astronot gagal spacewalk
70,2021-12-01,"Ayah di Ponorogo Cabuli 2 Anak Kandung Selama 8 Tahun, Pelaku Dilaporkan Istri ke Polisi",ayah ponorogo cabul anak kandung laku lapor istri polisi
71,2021-12-01,"Kota Bogor Turun ke PPKM Level 2, Kemungkinan karena Klaster PTM Terbatas",kota bogor turun ppkm level klaster ptm batas
72,2021-12-01,"Video Viral Hewan Mirip Jari Tangan, Apa Itu? Ini Penjelasan Ahli LIPI",video viral hewan jari tangan ahli lipi
73,2021-12-01,5 Tanda Kucing Marah dengan Pemiliknya,tanda kucing marah milik
74,2021-12-01,Ini Deretan Hunian Perumnas yang Bisa Dipilih Warga Jabodetabek,deret huni perumnas pilih warga jabodetabek
75,2021-12-01,Sikap Awal Push-up,sikap push up
76,2021-12-01,"Terungkap, Sopir Angkutan Barang di Medan Dibunuh Sahabatnya karena Dendam ",sopir angkut barang medan bunuh sahabat dendam
77,2021-12-01,"Apa itu NPWP: Pengertian, Manfaat, Jenis, dan Fungsinya",npwp erti manfaat jenis fungsi
78,2021-12-01,Mensesneg: Untuk Pertama Kalinya Komnas Disabilitas Dibentuk,mensesneg kali komnas disabilitas bentuk
79,2021-12-01,"Empat Hari HST Kalsel Terendam Banjir, Pengungsi Mulai Keluhkan Gatal-gatal",hst kalsel rendam banjir ungsi keluh gatal gatal
80,2021-12-01,"Kembali Hadir, FFFest 2021 Jadi Event Kolaborasi Online Terbesar di Indonesia",hadir fffest event kolaborasi online indonesia
81,2021-12-01,"Tabrak Truk Fuso yang Sedang Berhenti di Bypass Bandara Lombok, Seorang Pengendara Motor Tewas",tabrak truk fuso henti bypass bandara lombok orang kendara motor tewas
82,2021-12-01,"Reksadana Pasar Uang: Definisi, Keuntungan, dan Risikonya",reksadana pasar uang definisi untung risiko
83,2021-12-01,Cerita Warga Gunungkidul Relakan Tanahnya Ditempati SD Selama Puluhan Tahun,cerita warga gunungkidul rela tanah sd puluh
84,2021-12-01,"Dua Mahasiswi Unsri Kembali Jadi Korban Pelecehan Seksual, Kali Ini Dilakukan Oknum Staf Kampus",mahasiswi unsri korban leceh seksual kali laku oknum staf kampus
85,2021-12-01,"Dengar Pidato Cak Nun, Indro Enggan Bikin Biopik Warkop DKI ",dengar pidato cak nun indro enggan bikin biopik warkop dki
86,2021-12-01,Lirik dan Chord Lagu 5:15 AM - Mark Knopfler,lirik chord lagu am mark knopfler
87,2021-12-01,Petenis Johanna Konta Putuskan Pensiun,tenis johanna konta putus pensiun
88,2021-12-01,"SKK Migas: Perjalanan Menuju ""Net Zero Emission"" Bukan Sprint...",skk migas jalan tuju net zero emission sprint
89,2021-12-01,"UPDATE 1 Desember: 292.143 Spesimen Terkait Covid-19 Diperiksa, Positivity Rate PCR 0,76 Persen",update desember spesimen kait covid periksa positivity rate pcr persen
90,2021-12-01,"Hikmah Raditya Dika soal Khawatirkan Masa Depan, Akhirnya Siapkan Dana Pensiun",hikmah raditya dika khawatir dana pensiun
91,2021-12-01,"ODGJ yang Bakar Rumah Warga di Blitar Pernah Bunuh Orang, Camat: Sampai Ditolak Panti Rehabilitasi",odgj bakar rumah warga blitar bunuh orang camat tolak panti rehabilitasi
92,2021-12-01,Apindo Karawang: UMK 2022 hanya Berlaku untuk Karyawan yang Belum Setahun Kerja,apindo karawang umk laku karyawan kerja
93,2021-12-01,Jokowi: Saya Ingin Presidensi Indonesia di G20 Tak Sebatas Seremonial,jokowi presidensi indonesia g batas seremonial
94,2021-12-01,RSUD Kota Depok Siapkan Tangki Oksigen Kapasitas 10 Ton untuk Antisipasi Gelombang Ketiga Covid-19,rsud kota depok tangki oksigen kapasitas ton antisipasi gelombang covid
95,2021-12-01,INFOGRAFIK: Aturan Terbaru Karantina Perjalanan Internasional,infografik atur karantina jalan internasional
96,2021-12-01,Lirik dan Chord Lagu Fifteen Minutes - Mike Krol,lirik chord lagu fifteen minutes mike krol
97,2021-12-01,"Hari AIDS Sedunia, Apa Bedanya HIV dengan AIDS?",aids dunia beda hiv aids
98,2021-12-01,9 Ruas Tol Trans-Sumatera Siap Digunakan Libur Natal dan Tahun Baru,ruas tol trans sumatera libur natal
99,2021-12-01,Ini Tarif Pajak Penghasilan Badan dan Cara Menghitungnya,tarif pajak hasil badan hitung
100,2021-12-01,90 Persen Pasien Covid-19 di Wisma Atlet Kemayoran WNI Repatriasi,persen pasien covid wisma atlet mayor wni repatriasi
101,2021-12-01,"Program Pembibitan Ikan di Pangkalpinang Terancam Mandek, gara-gara Tak Ada Anggaran",program bibit ikan pangkalpinang ancam mandek gara gara anggar
102,2021-12-01,"Cedera Pinggang, Kento Momota Mundur dari BWF World Tour Finals 2021 ",cedera pinggang kento momota mundur bwf world tour finals
103,2021-12-01,"Wisatawan Mancanegara Mulai Ramai Kunjungi Jakarta, Paling Banyak dari China",wisatawan mancanegara ramai kunjung jakarta china
104,2021-12-01,8 Ras Anjing Terbaik untuk Berburu,ras anjing buru
105,2021-12-01,"Bantu Atasi Stunting di Medan, Kadin Serahkan 200 Timbangan Bayi ke Kahiyang Ayu",bantu stunting medan kadin serah timbang bayi kahiyang ayu
106,2021-12-01,Randy Martin Masih Betah Jomlo sejak Putus dari Cassandra Lee,randy martin betah jomlo putus cassandra lee
107,2021-12-01,Lirik dan Chord Lagu Love Scene - Baekhyun EXO,lirik chord lagu love scene baekhyun exo
108,2021-12-01,"Rumah Dinasnya Diserang Preman, Wakil Ketua DPRD Riau Mengaku Dapat SMS Ancaman",rumah dinas serang preman wakil ketua dprd riau sms ancam
109,2021-12-01,"Dua Bulan PTM Terbatas, 22 Murid dan 16 Tenaga Pendidik di Tangsel Positif Covid-19",ptm batas murid tenaga didik tangsel positif covid
110,2021-12-01,"1.244 Warga Depok Idap HIV/AIDS, Paling Banyak di Pancoran Mas",warga depok idap hiv aids pancoran mas
111,2021-12-01,Indonesia Larang Kedatangan WNA dari 11 Negara akibat Varian Omicron ,indonesia larang wna negara akibat varian omicron
112,2021-12-01,"Dikeluhkan karena Turun Terus , Berapa Sebenernya Anggaran MPR?",keluh turun sebenernya anggar mpr
113,2021-12-01,Tarif Cukai Rokok Kemungkinan Terbit Pekan Depan,tarif cukai rokok terbit pekan
114,2021-12-01,"BMKG Peringatkan Potensi Siklon Tropis Teratai di Samudera Hindia, Barat Daya Lampung",bmkg potensi siklon tropis teratai samudera hindia barat daya lampung
115,2021-12-01,"Viral, Video Tukang Parkir Pasar Ludahi Perempuan Berdaster di Medan, Ini Kata Polisi",viral video tukang parkir pasar ludah perempuan daster medan polisi
116,2021-12-01,Lirik dan Chord Lagu I Don't Wanna Have to Lie - Lolo,lirik chord lagu i don t wan na have to lie lolo
117,2021-12-01,"5 Fakta Menarik Serial Terbaru Reza Rahadian, Layangan Putus",fakta tarik serial reza rahadian layang putus
118,2021-12-01,Solidaritas Jurnalis di Semarang untuk Nurhadi Korban Kekerasan Saat Liputan,solidaritas jurnalis semarang nurhadi korban keras liput
119,2021-12-01,"Dekat dengan Kehidupan, Bony Wirasmono Sebut Film Nussa Cocok Ditonton Semua Kalangan",hidup bony wirasmono film nussa cocok tonton kalang
120,2021-12-01,Mantan Perdana Menteri Lesotho Didakwa atas Pembunuhan Istrinya,mantan perdana menteri lesotho dakwa bunuh istri
121,2021-12-01,"Sepenggal Cerita Petani Tembakau, dari Warisan hingga Cinta...",penggal cerita tani tembakau waris cinta
122,2021-12-01,5 Aplikasi Gratis untuk Berbagi File di Ponsel Android,aplikasi gratis file ponsel android
123,2021-12-01,"Polisi: Peran 2 Terduga Teroris di Luwu Timur, Siapkan Tempat Pertemuan dan Jaga Senjata",polisi peran duga teroris luwu timur temu jaga senjata
124,2021-12-01,"Kesedihan Nora Alexandra Antar Jerinx ke Ruang Tahanan: Baru Bebas, Harus Masuk Lagi...",sedih nora alexandra jerinx ruang tahan bebas masuk
125,2021-12-01,"Tiga Pelajar SMP Berkomplot dengan Residivis, Bunuh Seorang Perempuan, LPA: Ini PR Besar bagi Masyarakat dan Pemerintah",ajar smp komplot residivis bunuh orang perempuan lpa pr masyarakat perintah
126,2021-12-01,"2 Polisi Penganiaya Jurnalis Tempo di Surabaya Dituntut 1,5 Tahun Penjara",polisi aniaya jurnalis tempo surabaya tuntut penjara
127,2021-12-01,Apakah Pengidap Diabetes Boleh Makan Kurma?,idap diabetes makan kurma
128,2021-12-01,Fenomena Langit Desember 2021: Super New Moon dan 7 Puncak Hujan Meteor,fenomena langit desember super new moon puncak hujan meteor
129,2021-12-01,"BWF World Tour Finals: Praveen/Melati Kembali ke Ritme Permainan, tetapi... ",bwf world tour finals praveen melati ritme main
130,2021-12-01,"[HOAKS] Ada Laba-Laba Berbisa di Pantai, Bisa Membunuh dalam 5 Menit",hoaks laba laba pantai bunuh menit
131,2021-12-01,Penis Bengkak,penis bengkak
132,2021-12-01,Lirik dan Chord Lagu For Memories - Wilbur Soot,lirik chord lagu for memories wilbur soot
133,2021-12-01,Bersiap Liburan? Berikut Skenario Pembatasan di Sektor Transportasi,libur skenario batas sektor transportasi
134,2021-12-01,Firli Bahuri Berharap Tak Ada Lagi Korupsi Terkait Perizinan Investasi,firli bahuri harap korupsi kait izin investasi
135,2021-12-01,PLN Minta Maaf Pemeliharaan PLTGU Bikin Listrik di Batam Padam,pln maaf pelihara pltgu bikin listrik batam padam
136,2021-12-01,"100 Anak Eks Pejuang Timtim Diminta Jokowi Kerja di BUMN, Eurico Guterres: Sejarah bagi Kami",anak eks juang timtim jokowi kerja bumn eurico guterres sejarah
137,2021-12-01,Peringatan BMKG: Banjir Rob Diprediksi Landa Pesisir Jakarta Utara 2-9 Desember,bmkg banjir rob prediksi landa pesisir jakarta utara desember
138,2021-12-01,Hasil BWF World Tour Finals 2021 - Marcus/Kevin Atasi Rintangan Pertama,hasil bwf world tour finals marcus kevin rintang
139,2021-12-01,"Lirik dan Chord Lagu Like Rain, Like Music - Baekhyun EXO",lirik chord lagu like rain like music baekhyun exo
140,2021-12-01,Langkah Membersihkan Urine Kucing pada Karpet dan Keset,langkah bersih urine kucing karpet keset
141,2021-12-01,"Keributan di Cililitan, Kaca Bus Transjakarta Dipecahkan Pakai Helm",ribut cililitan kaca bus transjakarta pecah pakai helm
142,2021-12-01,"Bocah 7 Tahun di Bandung Dicabuli Pedagang Mainan, Korban Diimingi Uang Rp 5.000",bocah bandung cabul dagang main korban diimingi uang rp
143,2021-12-01,Terduga Teroris Ditangkap di Luwu Timur Berencana Serang Aparat,duga teroris tangkap luwu timur rencana serang aparat
144,2021-12-01,Aturan Naik Angkutan Umum di Jakarta selama PPKM Level 2,atur angkut jakarta ppkm level
145,2021-12-01,5 Langkah Penting untuk Bangun Kebiasaan Hidup yang Baik,langkah bangun hidup
146,2021-12-01,Jeritan PKL Menyikapi Rencana Relokasi Mereka dari Kawasan Malioboro,jerit pkl sikap rencana relokasi kawasan malioboro
147,2021-12-01,"Pimpinan MPR Usul Sri Mulyani Dicopot, Mensesneg: Itu Urusan Presiden",pimpin mpr usul sri mulyani copot mensesneg urus presiden
148,2021-12-01,Bakal Ada 33.000 Lapangan Kerja Baru Berkat Indonesia Jadi Presidensi G20,lapang kerja berkat indonesia presidensi g
149,2021-12-01,"BMKG Ingatkan Potensi Tsunami 8 Meter di Cilegon, Pemkot Siapkan Jalur Evakuasi Warga",bmkg potensi tsunami meter cilegon pemkot jalur evakuasi warga
150,2021-12-01,"Waspada Siklon Tropis Teratai, BMKG Ingatkan Potensi Hujan Lebat serta Angin Kencang di 5 Daerah Ini",waspada siklon tropis teratai bmkg potensi hujan lebat angin kencang daerah
151,2021-12-01,"Jadwal Padat Selama 2022, BTS Batal Tampil di Batam",jadwal padat bts batal tampil batam
152,2021-12-01,Apa Pentingnya Senjata Hipersonik?,senjata hipersonik
153,2021-12-01,"Bicarakan Album Peaches, Kai EXO: Saya Ingin Menunjukkan Sisi Baru",bicara album peaches kai exo sisi
154,2021-12-01,UPN Veteran Jakarta Selalu Terbuka Informasikan Meninggalnya Mahasiswa,upn veteran jakarta buka informasi tinggal mahasiswa
155,2021-12-01,"Menhub Resmi Perkenalkan I-Motion, Apa Itu?",menhub resmi kenal i motion
156,2021-12-01,Bedanya Ruang Tamu dan Ruang Keluarga,beda ruang tamu ruang keluarga
157,2021-12-01,"Petani di Bandung Makin Canggih, Dikenalkan Teknologi ""Drone"" untuk Pemupukan",tani bandung canggih kenal teknologi drone pupu
158,2021-12-01,BPBD Kotabaru Kalsel Bantah Kabar Ada Korban Tewas akibat Tanah Bergerak,bpbd kotabaru kalsel bantah kabar korban tewas akibat tanah gerak
159,2021-12-01,"Nia Ramadhani dan Ardi Bakrie Jalani Sidang Perdana Kasus Narkoba Besok, Begini Respons Kuasa Hukum ",nia ramadhani ardi bakrie jalan sidang perdana narkoba besok respons kuasa hukum
